id,gold,pred,correct
mathvista_0001,1.2,2,0
mathvista_0002,1000,1000,1
mathvista_0003,C,A,0
mathvista_0004,4,4,1
mathvista_0005,A,H,0
mathvista_0006,A,D,0
mathvista_0007,B,B,1
mathvista_0008,A,B,0
mathvista_0009,D,D,1
mathvista_0010,E,S,0
mathvista_0011,5,5,1
mathvista_0012,A,A,1
mathvista_0013,0,0,1
mathvista_0014,A,A,1
mathvista_0015,B,B,1
mathvista_0016,2,3,0
mathvista_0017,A,A,1
mathvista_0018,B,B,1
mathvista_0019,400,600,0
mathvista_0020,B,A,0
mathvista_0021,2,2,1
mathvista_0022,0,0,1
mathvista_0023,B,X,0
mathvista_0024,B,B,1
mathvista_0025,B,A,0
mathvista_0026,B,B,1
mathvista_0027,11,15,0
mathvista_0028,C,,0
mathvista_0029,4,"The image shows King Richard III and Anne Neville, but it's not possible to determine their exact ages from the stained glass depiction alone. The image does not provide any information about their birth or death dates, which would be necessary to calculate the age gap between them. Therefore, based on the given image, there is no way to provide an accurate age gap in years.

Final value: N/A",0
mathvista_0030,B,C,0
mathvista_0031,B,B,1
mathvista_0032,D,B,0
mathvista_0033,C,C,1
mathvista_0034,B,B,1
mathvista_0035,B,B,1
mathvista_0036,9,"The image shows two individuals shaking hands. To determine the age gap between them, we would need to know their exact ages, which is not provided in the image. Therefore, it's not possible to calculate the age gap with the given information.

Final value: N/A",0
mathvista_0037,3,5,0
mathvista_0038,0,0,1
mathvista_0039,A,X,0
mathvista_0040,7,8,0
mathvista_0041,7,"The image shows two individuals shaking hands in front of flags. To determine the age gap between them, we would typically need more specific information such as their birth years or ages. However, based on visual cues like facial features and attire, it's not possible to accurately determine the exact age difference. Therefore, without additional data, it's not feasible to provide a precise numerical answer for the age gap.

Final value: N/A",0
mathvista_0042,8,0,0
mathvista_0043,C,C,1
mathvista_0044,18,18,1
mathvista_0045,-3,-3,1
mathvista_0046,C,C,1
mathvista_0047,6,6,1
mathvista_0048,B,Y,0
mathvista_0049,0,1,0
mathvista_0050,D,S,0
mathvista_0051,A,A,1
mathvista_0052,6,7,0
mathvista_0053,1,"The image shows two individuals, but without specific details about their ages or any reference points for comparison, it's not possible to accurately determine the age gap between them. Therefore, the answer cannot be provided as a numerical value based on the given information.

Final value: N/A",0
mathvista_0054,B,,0
mathvista_0055,C,,0
mathvista_0056,6,6,1
mathvista_0057,2,2,1
mathvista_0058,A,A,1
mathvista_0059,C,O,0
mathvista_0060,22,"The image depicts two individuals who appear to be adults, but without specific details about their ages, it's not possible to determine the exact age gap between them. The question cannot be answered with a numerical value based on the provided image alone.",0
mathvista_0061,B,B,1
mathvista_0062,A,A,1
mathvista_0063,7,7,1
mathvista_0064,B,A,0
mathvista_0065,A,B,0
mathvista_0066,A,S,0
mathvista_0067,16,16,1
mathvista_0068,B,B,1
mathvista_0069,7,8,0
mathvista_0070,8,"The image shows two individuals who appear to be adults. However, without specific information about their ages, it's not possible to determine the exact age gap between them. The question cannot be answered with a numerical value based on the provided image alone.",0
mathvista_0071,18,18,1
mathvista_0072,1,1,1
mathvista_0073,D,S,0
mathvista_0074,47.6,47.6,1
mathvista_0075,B,B,1
mathvista_0076,A,A,1
mathvista_0077,2019,5,0
mathvista_0078,8,7,0
mathvista_0079,C,A,0
mathvista_0080,A,A,1
mathvista_0081,-1,2,0
mathvista_0082,C,,0
mathvista_0083,A,A,1
mathvista_0084,130.9,90,0
mathvista_0085,2,2,1
mathvista_0086,G,,0
mathvista_0087,B,B,1
mathvista_0088,30,90,0
mathvista_0089,25,6,0
mathvista_0090,5,6,0
mathvista_0091,B,B,1
mathvista_0092,B,B,1
mathvista_0093,197.3,197.3,1
mathvista_0094,C,A,0
mathvista_0095,D,O,0
mathvista_0096,3.9,3.9,1
mathvista_0097,0,0,1
mathvista_0098,2,4,0
mathvista_0099,D,D,1
mathvista_0100,12,12,1
mathvista_0101,C,C,1
mathvista_0102,6,6,1
mathvista_0103,2,2,1
mathvista_0104,0.8,1.0,0
mathvista_0105,A,A,1
mathvista_0106,0,0,1
mathvista_0107,B,E,0
mathvista_0108,51.04,51.05,0
mathvista_0109,5,5,1
mathvista_0110,B,B,1
mathvista_0111,5,6,0
mathvista_0112,B,B,1
mathvista_0113,20,26,0
mathvista_0114,B,K,0
mathvista_0115,3,"The image shows two individuals playing soccer, but it does not provide any information about their ages or the age gap between them. Therefore, it's not possible to determine the age gap based on this image alone.

Final value: N/A",0
mathvista_0116,A,S,0
mathvista_0117,A,A,1
mathvista_0118,1,1,1
mathvista_0119,D,,0
mathvista_0120,3,3,1
mathvista_0121,5,5,1
mathvista_0122,B,B,1
mathvista_0123,D,D,1
mathvista_0124,A,A,1
mathvista_0125,B,B,1
mathvista_0126,9,0,0
mathvista_0127,5,5,1
mathvista_0128,6,6,1
mathvista_0129,3,3,1
mathvista_0130,0,2,0
mathvista_0131,3,3,1
mathvista_0132,C,,0
mathvista_0133,4,4,1
mathvista_0134,C,S,0
mathvista_0135,A,B,0
mathvista_0136,64,64,1
mathvista_0137,B,X,0
mathvista_0138,A,A,1
mathvista_0139,B,,0
mathvista_0140,A,A,1
mathvista_0141,C,D,0
mathvista_0142,B,B,1
mathvista_0143,C,,0
mathvista_0144,13.8,13.8,1
mathvista_0145,10,11,0
mathvista_0146,4,4,1
mathvista_0147,B,A,0
mathvista_0148,D,D,1
mathvista_0149,A,A,1
mathvista_0150,A,A,1
mathvista_0151,A,B,0
mathvista_0152,C,,0
mathvista_0153,D,D,1
mathvista_0154,B,X,0
mathvista_0155,A,A,1
mathvista_0156,4,4,1
mathvista_0157,9335,16,0
mathvista_0158,7,"The image shows two individuals lying on the ground, but it's not possible to determine their exact ages or the age gap between them from the visual information provided. Therefore, the answer cannot be determined with certainty.

Final value: N/A",0
mathvista_0159,100,100,1
mathvista_0160,C,,0
mathvista_0161,71,3695,0
mathvista_0162,4,6,0
mathvista_0163,7519,748,0
mathvista_0164,B,B,1
mathvista_0165,6,6,1
mathvista_0166,B,S,0
mathvista_0167,2,2,1
mathvista_0168,E,E,1
mathvista_0169,5,5,1
mathvista_0170,C,X,0
mathvista_0171,20,36,0
mathvista_0172,B,B,1
mathvista_0173,B,A,0
mathvista_0174,A,B,0
mathvista_0175,24,23,0
mathvista_0176,D,,0
mathvista_0177,A,A,1
mathvista_0178,C,,0
mathvista_0179,D,D,1
mathvista_0180,6,2,0
mathvista_0181,C,S,0
mathvista_0182,B,A,0
mathvista_0183,4,4,1
mathvista_0184,0,0,1
mathvista_0185,B,R,0
mathvista_0186,A,E,0
mathvista_0187,9015,11,0
mathvista_0188,3,3,1
mathvista_0189,1,1,1
mathvista_0190,2,2,1
mathvista_0191,4,0,0
mathvista_0192,C,G,0
mathvista_0193,3,3,1
mathvista_0194,50,50,1
mathvista_0195,C,C,1
mathvista_0196,C,C,1
mathvista_0197,2,0,0
mathvista_0198,A,,0
mathvista_0199,0.21,-12,0
mathvista_0200,A,A,1
mathvista_0201,19,19,1
mathvista_0202,3,3,1
mathvista_0203,A,B,0
mathvista_0204,12,3,0
mathvista_0205,24,24,1
mathvista_0206,B,B,1
mathvista_0207,5,5,1
mathvista_0208,5,"The image shows three individuals, but it's not possible to accurately determine their ages or the age gap between them from this photograph alone. Therefore, I cannot provide a specific numerical answer for the age gap between the leftmost and rightmost person in the image.

Final value: N/A",0
mathvista_0209,28.3,28.3,1
mathvista_0210,0,0,1
mathvista_0211,6,6,1
mathvista_0212,A,A,1
mathvista_0213,2001,2009,0
mathvista_0214,2,0,0
mathvista_0215,8,8,1
mathvista_0216,90,90,1
mathvista_0217,2,2,1
mathvista_0218,2,2,1
mathvista_0219,1,1,1
mathvista_0220,A,A,1
mathvista_0221,D,A,0
mathvista_0222,3,3,1
mathvista_0223,A,X,0
mathvista_0224,B,X,0
mathvista_0225,"[0, 2, 0, 2, 1, 7, 1, 2, 0, 3, 0, 6]","To represent the contour of the object in Fig. Q4 using an 8-directional chain code, we need to follow these steps:

1. Identify the starting point of the contour.
2. Traverse the contour in a clockwise direction from the starting point.
3. For each segment of the contour, determine the direction it makes with the previous segment.
4. Assign a direction number (0-7) based on the 8-directional system.
5. Normalize the chain code by ensuring that the first and last segments of the contour connect back to the starting point.

Let's go through the process step-by-step:

### Step 1: Identify the Starting Point
The starting point is marked in red in the figure.

### Step 2: Traverse the Contour
We will traverse the contour in a clockwise direction from the starting point.

### Step 3: Determine Directions
We will use the 8-directional system where:
- 0: Up
- 1: Up-right
- 2: Right
- 3: Down-right
- 4: Down
- 5: Down-left
- 6: Left
- 7: Up-left

### Step 4: Assign Direction Numbers
We will assign the appropriate direction",0
mathvista_0226,B,E,0
mathvista_0227,A,A,1
mathvista_0228,A,B,0
mathvista_0229,E,E,1
mathvista_0230,0,0,1
mathvista_0231,E,E,1
mathvista_0232,B,B,1
mathvista_0233,2,2,1
mathvista_0234,C,C,1
mathvista_0235,A,X,0
mathvista_0236,C,S,0
mathvista_0237,C,C,1
mathvista_0238,B,R,0
mathvista_0239,A,A,1
mathvista_0240,1,"The image shows two individuals shaking hands. To determine the age gap between them, we would need to know their exact ages, which is not provided in the image. Therefore, it's not possible to calculate the age gap with the given information.

Final value: N/A",0
mathvista_0241,11,7,0
mathvista_0242,C,A,0
mathvista_0243,5,۱۲,0
mathvista_0244,B,B,1
mathvista_0245,24,24,1
mathvista_0246,13,2,0
mathvista_0247,6.36,0.96,0
mathvista_0248,B,B,1
mathvista_0249,6,6,1
mathvista_0250,C,A,0
mathvista_0251,4,4,1
mathvista_0252,0.73,1,0
mathvista_0253,2,4,0
mathvista_0254,A,A,1
mathvista_0255,C,A,0
mathvista_0256,D,D,1
mathvista_0257,A,B,0
mathvista_0258,2,2,1
mathvista_0259,2,2,1
mathvista_0260,A,B,0
mathvista_0261,6,"The image shows two individuals wearing military uniforms, but without specific dates or birth years, it's impossible to accurately determine their ages or the age gap between them. Therefore, I cannot provide a numerical answer for the age gap.

Final value: N/A",0
mathvista_0262,39,39,1
mathvista_0263,38,27,0
mathvista_0264,3,6,0
mathvista_0265,11,11,1
mathvista_0266,A,S,0
mathvista_0267,C,C,1
mathvista_0268,10.4,10,0
mathvista_0269,B,A,0
mathvista_0270,C,,0
mathvista_0271,C,,0
mathvista_0272,C,C,1
mathvista_0273,C,,0
mathvista_0274,D,D,1
mathvista_0275,D,D,1
mathvista_0276,C,D,0
mathvista_0277,D,A,0
mathvista_0278,C,C,1
mathvista_0279,A,A,1
mathvista_0280,B,,0
mathvista_0281,B,B,1
mathvista_0282,100,100,1
mathvista_0283,C,C,1
mathvista_0284,1,1,1
mathvista_0285,D,D,1
mathvista_0286,D,A,0
mathvista_0287,B,X,0
mathvista_0288,A,B,0
mathvista_0289,2,2,1
mathvista_0290,A,D,0
mathvista_0291,D,,0
mathvista_0292,B,B,1
mathvista_0293,C,C,1
mathvista_0294,0.17,-200,0
mathvista_0295,3,3,1
mathvista_0296,B,X,0
mathvista_0297,A,A,1
mathvista_0298,A,A,1
mathvista_0299,22,5,0
mathvista_0300,C,A,0
mathvista_0301,A,A,1
mathvista_0302,D,X,0
mathvista_0303,B,B,1
mathvista_0304,100,1,0
mathvista_0305,9,9,1
mathvista_0306,A,B,0
mathvista_0307,2.58,80,0
mathvista_0308,B,B,1
mathvista_0309,5,5,1
mathvista_0310,C,A,0
mathvista_0311,2,"The image shows two individuals standing together. However, without specific information about their ages or any reference points for comparison, it's not possible to accurately determine the age gap between them. The question cannot be answered with a numerical value based solely on the provided image.",0
mathvista_0312,C,C,1
mathvista_0313,10,0,0
mathvista_0314,B,B,1
mathvista_0315,D,D,1
mathvista_0316,A,A,1
mathvista_0317,6,"The image shows two individuals shaking hands. To determine the age gap between them, we would need to know their exact ages, which is not provided in the image. However, based on visual cues such as hair color and facial features, one person appears to be older than the other. Without specific age information, it's not possible to provide an accurate age gap.

Final value: The image does not provide enough information to determine the age gap accurately.",0
mathvista_0318,C,C,1
mathvista_0319,A,A,1
mathvista_0320,B,A,0
mathvista_0321,B,B,1
mathvista_0322,D,D,1
mathvista_0323,A,A,1
mathvista_0324,53,53,1
mathvista_0325,B,B,1
mathvista_0326,3,3,1
mathvista_0327,0,0,1
mathvista_0328,18,18,1
mathvista_0329,A,X,0
mathvista_0330,7,9,0
mathvista_0331,64,25,0
mathvista_0332,7873,873,0
mathvista_0333,A,A,1
mathvista_0334,A,A,1
mathvista_0335,2,2,1
mathvista_0336,8,8,1
mathvista_0337,B,B,1
mathvista_0338,B,B,1
mathvista_0339,D,,0
mathvista_0340,E,B,0
mathvista_0341,C,C,1
mathvista_0342,D,,0
mathvista_0343,7,8,0
mathvista_0344,A,A,1
mathvista_0345,25,25,1
mathvista_0346,1,0,0
mathvista_0347,B,B,1
mathvista_0348,A,A,1
mathvista_0349,A,A,1
mathvista_0350,4,4,1
mathvista_0351,A,A,1
mathvista_0352,1,1,1
mathvista_0353,130.4,100,0
mathvista_0354,0,0,1
mathvista_0355,B,,0
mathvista_0356,B,B,1
mathvista_0357,B,B,1
mathvista_0358,A,A,1
mathvista_0359,-7,7,0
mathvista_0360,B,,0
mathvista_0361,B,A,0
mathvista_0362,8,9,0
mathvista_0363,2,2,1
mathvista_0364,C,,0
mathvista_0365,7,8,0
mathvista_0366,2,"The image shows two individuals on a soccer field, but it does not provide any information about their ages or the time difference between them. Therefore, it's not possible to determine the age gap between them from this image alone.

Final value: N/A",0
mathvista_0367,14,0,0
mathvista_0368,B,B,1
mathvista_0369,A,X,0
mathvista_0370,A,B,0
mathvista_0371,B,E,0
mathvista_0372,2,1,0
mathvista_0373,B,N,0
mathvista_0374,13,13,1
mathvista_0375,B,,0
mathvista_0376,7,8,0
mathvista_0377,B,A,0
mathvista_0378,D,D,1
mathvista_0379,A,A,1
mathvista_0380,6,5,0
mathvista_0381,A,A,1
mathvista_0382,A,A,1
mathvista_0383,131253.5,253.5,0
mathvista_0384,0,1,0
mathvista_0385,A,A,1
mathvista_0386,C,,0
mathvista_0387,100,75,0
mathvista_0388,B,B,1
mathvista_0389,A,A,1
mathvista_0390,A,A,1
mathvista_0391,D,A,0
mathvista_0392,1,0,0
mathvista_0393,54,54,1
mathvista_0394,F,F,1
mathvista_0395,10,"The image shows a group of people of various ages, including children, adults, and possibly seniors. However, without specific details on each individual's age, it's not possible to accurately determine the average age of the people in the picture. Therefore, I cannot provide a numerical answer for the average age.

Final value: N/A",0
mathvista_0396,B,B,1
mathvista_0397,B,B,1
mathvista_0398,3,"The image shows two individuals who appear to be adults, but without specific information about their ages, it's not possible to determine the exact age gap between them. The question cannot be answered with a numerical value based on the provided image alone.",0
mathvista_0399,6,6,1
mathvista_0400,G,G,1
mathvista_0401,1,1000,0
mathvista_0402,C,C,1
mathvista_0403,D,D,1
mathvista_0404,D,D,1
mathvista_0405,19,20,0
mathvista_0406,15,15,1
mathvista_0407,B,E,0
mathvista_0408,D,,0
mathvista_0409,5,4,0
mathvista_0410,A,,0
mathvista_0411,100,100,1
mathvista_0412,B,B,1
mathvista_0413,C,A,0
mathvista_0414,C,S,0
mathvista_0415,15017,017,0
mathvista_0416,800,800,1
mathvista_0417,8,"The image shows two individuals standing close to each other. To determine the age gap between them, we would typically need their exact ages or birth years. However, since this information is not provided, it's impossible to calculate the precise age difference. Therefore, based on the available information, the answer cannot be determined.

Final value: N/A",0
mathvista_0418,C,C,1
mathvista_0419,B,E,0
mathvista_0420,0.0,0.00,1
mathvista_0421,-47,5,0
mathvista_0422,10,10,1
mathvista_0423,B,B,1
mathvista_0424,A,A,1
mathvista_0425,A,A,1
mathvista_0426,B,B,1
mathvista_0427,7,7,1
mathvista_0428,28,30,0
mathvista_0429,10,10,1
mathvista_0430,C,X,0
mathvista_0431,C,C,1
mathvista_0432,4,4,1
mathvista_0433,5,"The image shows two individuals who appear to be a couple. However, without specific birth dates or additional context, it's not possible to accurately determine the age gap between them. The question cannot be answered with a numerical value based on the provided image alone.",0
mathvista_0434,A,A,1
mathvista_0435,1,1,1
mathvista_0436,3,3,1
mathvista_0437,839,300,0
mathvista_0438,13,5,0
mathvista_0439,B,B,1
mathvista_0440,B,A,0
mathvista_0441,9,9,1
mathvista_0442,3,3,1
mathvista_0443,B,B,1
mathvista_0444,7,7,1
mathvista_0445,A,A,1
mathvista_0446,C,C,1
mathvista_0447,B,B,1
mathvista_0448,2016,2016,1
mathvista_0449,40,45,0
mathvista_0450,D,D,1
mathvista_0451,A,A,1
mathvista_0452,C,C,1
mathvista_0453,4,4,1
mathvista_0454,1,1,1
mathvista_0455,A,L,0
mathvista_0456,A,A,1
mathvista_0457,4525,456,0
mathvista_0458,3,42,0
mathvista_0459,1,1,1
mathvista_0460,B,B,1
mathvista_0461,7,3,0
mathvista_0462,1,1,1
mathvista_0463,2,2,1
mathvista_0464,D,D,1
mathvista_0465,A,A,1
mathvista_0466,B,B,1
mathvista_0467,C,S,0
mathvista_0468,7,7,1
mathvista_0469,A,A,1
mathvista_0470,C,C,1
mathvista_0471,8,8,1
mathvista_0472,3,3,1
mathvista_0473,12,"The image shows two individuals who appear to be adults, but without knowing their exact ages, it's not possible to determine the age gap between them. Therefore, the answer cannot be provided as a specific number of years.",0
mathvista_0474,25,10,0
mathvista_0475,8,9,0
mathvista_0476,A,A,1
mathvista_0477,A,A,1
mathvista_0478,A,,0
mathvista_0479,2.54,2.55,0
mathvista_0480,B,B,1
mathvista_0481,6,5,0
mathvista_0482,D,,0
mathvista_0483,B,A,0
mathvista_0484,3,3,1
mathvista_0485,C,,0
mathvista_0486,D,D,1
mathvista_0487,A,,0
mathvista_0488,2,3,0
mathvista_0489,25,24,0
mathvista_0490,C,C,1
mathvista_0491,B,B,1
mathvista_0492,D,C,0
mathvista_0493,B,A,0
mathvista_0494,3,3,1
mathvista_0495,B,B,1
mathvista_0496,20,20,1
mathvista_0497,9,9,1
mathvista_0498,A,B,0
mathvista_0499,C,O,0
mathvista_0500,3,"The image shows two ballet dancers, but it's not possible to determine their exact ages from the photograph. Therefore, the age gap cannot be accurately calculated based on this image alone.

Final value: N/A",0
mathvista_0501,7,7,1
mathvista_0502,B,A,0
mathvista_0503,4,"The image shows three individuals shaking hands. The leftmost person appears to be younger than the center person. However, without specific ages or dates of birth, it's not possible to accurately determine the exact age gap in years. Therefore, based on the information provided, the answer cannot be determined.

Final value: N/A",0
mathvista_0504,B,,0
mathvista_0505,A,M,0
mathvista_0506,"[2014, 2016]","To determine between which two years the line graph saw its maximum peak, we need to identify the highest point on the graph.

1. The graph shows data from 2005 to 2016.
2. We observe that the highest point on the graph is around 2015, where the value reaches approximately 27%.

Therefore, the maximum peak of the line graph is between the years 2014 and 2015.

The final list representing the years is:
[2014, 2015]",0
mathvista_0507,C,A,0
mathvista_0508,5,5,1
mathvista_0509,A,A,1
mathvista_0510,D,B,0
mathvista_0511,9,9,1
mathvista_0512,0.24,3,0
mathvista_0513,C,C,1
mathvista_0514,A,A,1
mathvista_0515,B,B,1
mathvista_0516,B,B,1
mathvista_0517,-1,1,0
mathvista_0518,4,"The image shows two men sitting on a bench. To determine the age gap between them, we would typically need their birth years or a reliable estimate of their ages based on visual cues such as facial features and attire. However, since the image does not provide this information, it's not possible to accurately calculate the age gap.

Final value: N/A",0
mathvista_0519,12,7,0
mathvista_0520,A,A,1
mathvista_0521,C,C,1
mathvista_0522,7,7,1
mathvista_0523,C,A,0
mathvista_0524,0,0,1
mathvista_0525,0,0,1
mathvista_0526,A,A,1
mathvista_0527,A,A,1
mathvista_0528,D,B,0
mathvista_0529,1020,75,0
mathvista_0530,9,60,0
mathvista_0531,B,B,1
mathvista_0532,B,A,0
mathvista_0533,8,9,0
mathvista_0534,1,1,1
mathvista_0535,-8,-8,1
mathvista_0536,D,D,1
mathvista_0537,B,B,1
mathvista_0538,A,C,0
mathvista_0539,C,C,1
mathvista_0540,A,A,1
mathvista_0541,D,A,0
mathvista_0542,2,2,1
mathvista_0543,A,A,1
mathvista_0544,44,44,1
mathvista_0545,A,A,1
mathvista_0546,1,1,1
mathvista_0547,A,D,0
mathvista_0548,A,A,1
mathvista_0549,C,A,0
mathvista_0550,8,8,1
mathvista_0551,14,14,1
mathvista_0552,4,5,0
mathvista_0553,B,B,1
mathvista_0554,A,A,1
mathvista_0555,B,A,0
mathvista_0556,A,,0
mathvista_0557,B,A,0
mathvista_0558,9,9,1
mathvista_0559,55,50,0
mathvista_0560,A,A,1
mathvista_0561,B,B,1
mathvista_0562,1,1,1
mathvista_0563,B,D,0
mathvista_0564,4,4,1
mathvista_0565,A,B,0
mathvista_0566,A,A,1
mathvista_0567,3,3,1
mathvista_0568,2,2,1
mathvista_0569,1,78,0
mathvista_0570,5,5,1
mathvista_0571,B,B,1
mathvista_0572,5,5,1
mathvista_0573,53,53,1
mathvista_0574,B,E,0
mathvista_0575,A,P,0
mathvista_0576,D,D,1
mathvista_0577,-104,3,0
mathvista_0578,9567,965,0
mathvista_0579,7,7,1
mathvista_0580,A,A,1
mathvista_0581,4,3,0
mathvista_0582,A,B,0
mathvista_0583,A,A,1
mathvista_0584,A,A,1
mathvista_0585,A,A,1
mathvista_0586,C,A,0
mathvista_0587,B,M,0
mathvista_0588,1982,1981,0
mathvista_0589,5,4,0
mathvista_0590,13,"The image shows two individuals sitting at a table. To determine the age gap between them, we would typically need to know their exact ages or have additional context that includes their birth dates. Since this information is not provided, it's not possible to accurately calculate the age gap in years.

Final value: N/A",0
mathvista_0591,4,2,0
mathvista_0592,4,4,1
mathvista_0593,273,273,1
mathvista_0594,2005,2005,1
mathvista_0595,A,A,1
mathvista_0596,B,A,0
mathvista_0597,10,10,1
mathvista_0598,A,S,0
mathvista_0599,A,C,0
mathvista_0600,A,S,0
mathvista_0601,0.33,0.47,0
mathvista_0602,18,18,1
mathvista_0603,300,200,0
mathvista_0604,B,A,0
mathvista_0605,6,6,1
mathvista_0606,10,10,1
mathvista_0607,3,3,1
mathvista_0608,B,B,1
mathvista_0609,1,1,1
mathvista_0610,B,P,0
mathvista_0611,0,0,1
mathvista_0612,4,4,1
mathvista_0613,10,10,1
mathvista_0614,7,"The image shows two men sitting side by side. To determine the age gap between them, we would need to know their exact ages or have additional context that includes their birth years. Since this information is not provided, it's not possible to accurately calculate the age gap.

Final value: N/A",0
mathvista_0615,D,S,0
mathvista_0616,2,1,0
mathvista_0617,9,10,0
mathvista_0618,B,B,1
mathvista_0619,16,16,1
mathvista_0620,2,2,1
mathvista_0621,E,,0
mathvista_0622,B,B,1
mathvista_0623,C,C,1
mathvista_0624,5,5,1
mathvista_0625,A,A,1
mathvista_0626,1,1,1
mathvista_0627,6,6,1
mathvista_0628,B,,0
mathvista_0629,20,20,1
mathvista_0630,72,62,0
mathvista_0631,0,0,1
mathvista_0632,52,52,1
mathvista_0633,B,,0
mathvista_0634,D,D,1
mathvista_0635,B,,0
mathvista_0636,34,34,1
mathvista_0637,C,C,1
mathvista_0638,1,1990,0
mathvista_0639,475,500,0
mathvista_0640,B,,0
mathvista_0641,5.77,15,0
mathvista_0642,E,A,0
mathvista_0643,A,D,0
mathvista_0644,A,,0
mathvista_0645,A,S,0
mathvista_0646,25,5,0
mathvista_0647,B,S,0
mathvista_0648,-1,9,0
mathvista_0649,4,4,1
mathvista_0650,31.3,24.0,0
mathvista_0651,7,7,1
mathvista_0652,0,0,1
mathvista_0653,A,A,1
mathvista_0654,B,B,1
mathvista_0655,A,A,1
mathvista_0656,A,A,1
mathvista_0657,A,A,1
mathvista_0658,1,1,1
mathvista_0659,991,941,0
mathvista_0660,B,B,1
mathvista_0661,B,B,1
mathvista_0662,80,80,1
mathvista_0663,B,B,1
mathvista_0664,17,17,1
mathvista_0665,D,,0
mathvista_0666,4,4,1
mathvista_0667,2015,2015,1
mathvista_0668,A,A,1
mathvista_0669,D,A,0
mathvista_0670,B,,0
mathvista_0671,14.14,14,0
mathvista_0672,2,2,1
mathvista_0673,B,B,1
mathvista_0674,B,,0
mathvista_0675,B,,0
mathvista_0676,0,0,1
mathvista_0677,B,B,1
mathvista_0678,C,X,0
mathvista_0679,B,B,1
mathvista_0680,5,0,0
mathvista_0681,D,D,1
mathvista_0682,A,A,1
mathvista_0683,2,2,1
mathvista_0684,C,C,1
mathvista_0685,B,B,1
mathvista_0686,B,B,1
mathvista_0687,A,A,1
mathvista_0688,E,E,1
mathvista_0689,A,B,0
mathvista_0690,E,A,0
mathvista_0691,256,6,0
mathvista_0692,A,A,1
mathvista_0693,B,B,1
mathvista_0694,D,,0
mathvista_0695,A,A,1
mathvista_0696,B,B,1
mathvista_0697,C,B,0
mathvista_0698,A,,0
mathvista_0699,0,"To determine the age gap between the center and the rightmost person, we would need to know their exact ages. However, since that information is not provided in the image, we cannot calculate the age gap.

Final value: N/A",0
mathvista_0700,C,,0
mathvista_0701,9,10,0
mathvista_0702,400,400,1
mathvista_0703,2372.1,372.1,0
mathvista_0704,B,B,1
mathvista_0705,B,B,1
mathvista_0706,C,B,0
mathvista_0707,D,A,0
mathvista_0708,C,P,0
mathvista_0709,4,4,1
mathvista_0710,0,2,0
mathvista_0711,3,2,0
mathvista_0712,9,9,1
mathvista_0713,A,,0
mathvista_0714,B,B,1
mathvista_0715,B,X,0
mathvista_0716,D,,0
mathvista_0717,B,C,0
mathvista_0718,0.21,0.21,1
mathvista_0719,13,13,1
mathvista_0720,2,0,0
mathvista_0721,4,3,0
mathvista_0722,A,B,0
mathvista_0723,B,B,1
mathvista_0724,A,A,1
mathvista_0725,-130,-1,0
mathvista_0726,A,S,0
mathvista_0727,70,70,1
mathvista_0728,7,7,1
mathvista_0729,1,0,0
mathvista_0730,2019,2019,1
mathvista_0731,40,40,1
mathvista_0732,A,A,1
mathvista_0733,63.4,3,0
mathvista_0734,A,A,1
mathvista_0735,B,B,1
mathvista_0736,C,B,0
mathvista_0737,D,D,1
mathvista_0738,B,B,1
mathvista_0739,23,23,1
mathvista_0740,A,A,1
mathvista_0741,13,"The image shows two individuals, but without specific ages or dates, it's not possible to accurately determine the age gap between them. The question cannot be answered with a numerical value based on the provided image alone.",0
mathvista_0742,3,3,1
mathvista_0743,10.53,10.53,1
mathvista_0744,D,L,0
mathvista_0745,1,"The image shows two individuals shaking hands. However, without specific information about their ages, it's not possible to determine the exact age gap between them. The final value for the age gap cannot be provided based on the given image alone.",0
mathvista_0746,7,7,1
mathvista_0747,C,F,0
mathvista_0748,A,A,1
mathvista_0749,D,,0
mathvista_0750,18,-4,0
mathvista_0751,A,A,1
mathvista_0752,C,C,1
mathvista_0753,4,4,1
mathvista_0754,A,A,1
mathvista_0755,A,X,0
mathvista_0756,C,C,1
mathvista_0757,A,,0
mathvista_0758,B,B,1
mathvista_0759,2,2,1
mathvista_0760,A,A,1
mathvista_0761,D,D,1
mathvista_0762,A,A,1
mathvista_0763,8,8,1
mathvista_0764,9,5,0
mathvista_0765,B,B,1
mathvista_0766,A,A,1
mathvista_0767,5,5,1
mathvista_0768,B,B,1
mathvista_0769,B,B,1
mathvista_0770,1,1,1
mathvista_0771,A,A,1
mathvista_0772,A,A,1
mathvista_0773,B,A,0
mathvista_0774,A,A,1
mathvista_0775,B,B,1
mathvista_0776,B,S,0
mathvista_0777,B,,0
mathvista_0778,A,S,0
mathvista_0779,A,A,1
mathvista_0780,7,19,0
mathvista_0781,C,C,1
mathvista_0782,4,12,0
mathvista_0783,B,D,0
mathvista_0784,70,70,1
mathvista_0785,D,,0
mathvista_0786,C,C,1
mathvista_0787,50,0,0
mathvista_0788,7,10,0
mathvista_0789,10,10,1
mathvista_0790,C,,0
mathvista_0791,1.06,2,0
mathvista_0792,7,"The image shows two individuals shaking hands. To determine the age gap between them, we would need to know their exact ages, which is not provided in the image. Therefore, it's not possible to calculate the age gap with the given information.

Final value: N/A",0
mathvista_0793,1578,1578,1
mathvista_0794,2,2,1
mathvista_0795,75,"The image shows two individuals standing together. To determine the age gap between them, we would need to know their exact ages or have additional context about when this photo was taken and their birth years. Since such information is not provided, it's not possible to accurately calculate the age gap.

Final value: N/A",0
mathvista_0796,3,1,0
mathvista_0797,B,S,0
mathvista_0798,B,P,0
mathvista_0799,13,00,0
mathvista_0800,B,B,1
mathvista_0801,10,10,1
mathvista_0802,69,00,0
mathvista_0803,1,3,0
mathvista_0804,B,B,1
mathvista_0805,B,B,1
mathvista_0806,C,C,1
mathvista_0807,B,S,0
mathvista_0808,9,9,1
mathvista_0809,E,A,0
mathvista_0810,8,7,0
mathvista_0811,34,34,1
mathvista_0812,A,,0
mathvista_0813,30,30,1
mathvista_0814,100000000,100000000,1
mathvista_0815,B,C,0
mathvista_0816,A,S,0
mathvista_0817,B,A,0
mathvista_0818,0.32,0.32,1
mathvista_0819,B,S,0
mathvista_0820,D,A,0
mathvista_0821,A,B,0
mathvista_0822,C,C,1
mathvista_0823,A,A,1
mathvista_0824,0.13,0.13,1
mathvista_0825,B,B,1
mathvista_0826,C,A,0
mathvista_0827,D,C,0
mathvista_0828,2.7,2.7,1
mathvista_0829,C,B,0
mathvista_0830,2,7,0
mathvista_0831,679,679,1
mathvista_0832,-2,-2,1
mathvista_0833,-4.3,-9,0
mathvista_0834,A,A,1
mathvista_0835,0,25,0
mathvista_0836,C,B,0
mathvista_0837,B,B,1
mathvista_0838,4,"The image shows two individuals, but without specific birth dates or other identifying information, it's not possible to accurately determine their ages or the age gap between them. Therefore, I cannot provide a numerical answer for the age gap.

Final value: N/A",0
mathvista_0839,5,4,0
mathvista_0840,A,A,1
mathvista_0841,9,9,1
mathvista_0842,A,A,1
mathvista_0843,B,B,1
mathvista_0844,B,B,1
mathvista_0845,3,"The image shows two individuals shaking hands. To determine the age gap between them, we would typically need more information such as their birth years or a clear indication of their ages. However, based on visual cues alone, it's not possible to accurately determine the age gap. Therefore, without additional data, I cannot provide a specific number of years as the age gap.

Final value: N/A",0
mathvista_0846,A,A,1
mathvista_0847,A,,0
mathvista_0848,3,43,0
mathvista_0849,D,D,1
mathvista_0850,A,A,1
mathvista_0851,2,2,1
mathvista_0852,40,42,0
mathvista_0853,D,,0
mathvista_0854,C,C,1
mathvista_0855,B,,0
mathvista_0856,C,C,1
mathvista_0857,9,9,1
mathvista_0858,C,B,0
mathvista_0859,27,"The image shows two men standing close to each other. To determine the age gap between them, we would need to know their exact ages or have additional context that isn't provided in the image. Since this information is not available, it's not possible to accurately calculate the age gap in years.

Final value: N/A",0
mathvista_0860,86,86,1
mathvista_0861,B,B,1
mathvista_0862,10.44,0.766,0
mathvista_0863,A,B,0
mathvista_0864,16,0,0
mathvista_0865,A,A,1
mathvista_0866,D,A,0
mathvista_0867,22,22,1
mathvista_0868,5,5,1
mathvista_0869,2,2,1
mathvista_0870,A,A,1
mathvista_0871,2,2,1
mathvista_0872,D,S,0
mathvista_0873,3,2,0
mathvista_0874,2,2,1
mathvista_0875,2,2,1
mathvista_0876,C,K,0
mathvista_0877,7,7,1
mathvista_0878,C,C,1
mathvista_0879,2,2,1
mathvista_0880,252.65,5.50,0
mathvista_0881,A,A,1
mathvista_0882,A,A,1
mathvista_0883,15,16,0
mathvista_0884,D,D,1
mathvista_0885,18,18,1
mathvista_0886,6,6,1
mathvista_0887,A,A,1
mathvista_0888,3,2,0
mathvista_0889,A,A,1
mathvista_0890,A,A,1
mathvista_0891,4,8,0
mathvista_0892,B,B,1
mathvista_0893,0,"To determine the limit of the blue function as \( x \) approaches negative infinity, we need to observe the behavior of the function as \( x \) becomes very large in the negative direction.

From the graph:
- The blue function appears to be a parabola that opens upwards (since it has a positive leading coefficient).
- As \( x \) moves towards negative infinity, the value of the function also moves towards negative infinity because the parabola extends downward on the left side.

Therefore, the limit of the blue function as \( x \) approaches negative infinity is \(-\infty\).

Final answer: \(-\infty\)",0
mathvista_0894,9,9,1
mathvista_0895,E,E,1
mathvista_0896,C,,0
mathvista_0897,B,J,0
mathvista_0898,B,A,0
mathvista_0899,2123,404,0
mathvista_0900,A,B,0
mathvista_0901,7,7,1
mathvista_0902,A,A,1
mathvista_0903,C,C,1
mathvista_0904,3,3,1
mathvista_0905,A,B,0
mathvista_0906,B,B,1
mathvista_0907,1970,1970,1
mathvista_0908,C,C,1
mathvista_0909,C,C,1
mathvista_0910,2,1,0
mathvista_0911,B,A,0
mathvista_0912,4,1,0
mathvista_0913,A,A,1
mathvista_0914,9,9,1
mathvista_0915,C,C,1
mathvista_0916,C,A,0
mathvista_0917,1,1,1
mathvista_0918,1,9,0
mathvista_0919,7,7,1
mathvista_0920,30,3,0
mathvista_0921,D,,0
mathvista_0922,1,1,1
mathvista_0923,F,,0
mathvista_0924,A,A,1
mathvista_0925,19.5,19.5,1
mathvista_0926,7.07,3,0
mathvista_0927,A,A,1
mathvista_0928,5,5,1
mathvista_0929,85,85,1
mathvista_0930,A,C,0
mathvista_0931,B,A,0
mathvista_0932,A,A,1
mathvista_0933,9606,606,0
mathvista_0934,10000,10000,1
mathvista_0935,A,A,1
mathvista_0936,0,1,0
mathvista_0937,A,S,0
mathvista_0938,D,A,0
mathvista_0939,C,A,0
mathvista_0940,6,6,1
mathvista_0941,2,1,0
mathvista_0942,0,0,1
mathvista_0943,2,0,0
mathvista_0944,3,3,1
mathvista_0945,6,5,0
mathvista_0946,16,"The image shows two individuals engaged in conversation. To determine the age gap between them, we would need to know their exact ages, which is not provided in the image. However, based on visual cues such as their physical appearance, it can be estimated that the person on the left appears to be older than the person on the right. Without specific age information, it's not possible to provide an accurate numerical answer for the age gap.

Final value: The image does not provide enough information to determine the exact age gap between the two individuals.",0
mathvista_0947,C,A,0
mathvista_0948,11,25,0
mathvista_0949,56,56,1
mathvista_0950,A,X,0
mathvista_0951,B,S,0
mathvista_0952,C,C,1
mathvista_0953,50,50,1
mathvista_0954,D,A,0
mathvista_0955,C,D,0
mathvista_0956,6,6,1
mathvista_0957,A,A,1
mathvista_0958,B,S,0
mathvista_0959,32,32,1
mathvista_0960,4,"The image shows two individuals sitting across from each other in formal attire, likely engaged in a diplomatic meeting. To determine the age gap between them, we would need to know their exact ages, which is not provided in the image. However, based on visual cues such as their physical appearance, one might estimate that the individual on the left appears slightly older than the one on the right. Without precise age information, it's not possible to provide an accurate age gap.

Final value: The image does not provide enough information to determine the exact age gap between the two individuals.",0
mathvista_0961,7,7,1
mathvista_0962,C,C,1
mathvista_0963,3,3,1
mathvista_0964,6,5,0
mathvista_0965,30,30,1
mathvista_0966,3,3,1
mathvista_0967,2,3,0
mathvista_0968,6,6,1
mathvista_0969,A,A,1
mathvista_0970,C,C,1
mathvista_0971,B,B,1
mathvista_0972,B,B,1
mathvista_0973,1,1,1
mathvista_0974,B,B,1
mathvista_0975,6,6,1
mathvista_0976,B,,0
mathvista_0977,D,D,1
mathvista_0978,7,7,1
mathvista_0979,9079,835,0
mathvista_0980,12,12,1
mathvista_0981,70.4,60.4,0
mathvista_0982,B,B,1
mathvista_0983,8,8,1
mathvista_0984,B,B,1
mathvista_0985,5,5,1
mathvista_0986,B,B,1
mathvista_0987,4232,30,0
mathvista_0988,1,"The image shows two individuals who appear to be of similar age, but without specific birth dates or additional context, it's not possible to accurately determine their age gap in years. Therefore, based on the information provided, the answer cannot be determined.

Final value: N/A",0
mathvista_0989,9,9,1
mathvista_0990,B,T,0
mathvista_0991,C,,0
mathvista_0992,B,B,1
mathvista_0993,9,9,1
mathvista_0994,A,A,1
mathvista_0995,18.27,18.27,1
mathvista_0996,2,2,1
mathvista_0997,B,B,1
mathvista_0998,A,A,1
mathvista_0999,4.5,60,0
mathvista_1000,9,9,1
__summary__,,acc=0.5510,551
